analogy_id,question_id,method_name,subject,difficulty,model_name,model_id,concept_steps,analogy_text
pag_gpqa_main_0,gpqa_main_0,pag,Biology,nan,teacher_gpt4_1_mini,gpt-4.1-mini,"Understand the role of exons in coding for specific protein structures, such as folded triple alpha helices. || Recognize how mutations causing exon deletions can lead to out-of-frame peptides and dysfunctional proteins. || Know how pre-mRNA splicing works, including the function of the spliceosome in recognizing exon-intron boundaries. || Understand how Morpholino oligonucleotides can bind pre-mRNA to block spliceosome access, inducing exon skipping. || Comprehend that exon skipping can restore the reading frame, producing a shorter but functional protein. || Identify which cellular structures and molecules are involved or not involved in this RNA-based therapy process.","Imagine a long train made up of many boxcars, each carrying a specific type of cargo needed to build a complex machine. Each boxcar represents an exon, and the cargo inside is like a folded triple helix structure essential for connecting different parts of the machine, just as exons code for protein domains in the cell.

Now, suppose some middle boxcars are missing or damaged, causing a shift in the lineup that makes the entire train deliver the wrong parts or incomplete sets—this parallels a mutation deleting central exons, leading to out-of-frame peptides and faulty proteins, which can cause the machine to break down over time.

To fix this, imagine a team of engineers (the spliceosome) that normally identifies where to connect or remove boxcars in a preliminary train blueprint (pre-mRNA), ensuring the final train is assembled correctly by joining the right cars.

Enter a special tool—a “Morpholino clamp”—designed to attach specifically to one problematic boxcar’s blueprint marking, preventing the engineers from including that particular car. This is like a Morpholino oligonucleotide binding to pre-mRNA and blocking spliceosome recognition, leading to that exon being skipped.

As a result, the train is put together missing some cars, but the line-up shifts back into proper order, allowing it to deliver an almost complete but functional cargo set. This mirrors exon skipping restoring the reading frame, producing a shorter, yet still useful protein.

Finally, consider which parts of the factory floor are directly involved in this blueprint adjustment and assembly—while the engineers (spliceosome), the blueprint (pre-mRNA), and the special clamp (Morpholino) play key roles, other machines like the protein-folding factory or the external delivery trucks aren’t part of the correction process."
pag_gpqa_main_1,gpqa_main_1,pag,Physics,nan,teacher_gpt4_1_mini,gpt-4.1-mini,"Understand that the lifetime of a quantum state is inversely related to the uncertainty in its energy, via the energy-time uncertainty principle. || Apply the energy-time uncertainty relation, ΔE ≈ ħ / Δt, to estimate the energy uncertainties (broadening) of each state from their lifetimes. || Recognize that to clearly distinguish two energy levels, their energy difference must be greater than the combined energy uncertainties of the two states. || Calculate the minimum energy difference required for resolution by comparing the given lifetimes and corresponding uncertainties for the two states.","Imagine you’re trying to identify two musicians playing different notes in a concert hall. Each note lasts for a certain amount of time, and the length of that note influences how precisely you can tell its pitch. If a note is very short and quick, it tends to sound a bit ""blurred,"" making the exact pitch harder to pinpoint.

Now think of the duration of each note as the lifetime of a quantum state. The shorter the note (shorter lifetime), the more uncertainty you have about its pitch (energy). Mathematically, the fuzziness or uncertainty in the pitch is roughly inversely proportional to how long you hear the note.

If you have two musicians playing notes close in pitch, to distinguish them clearly, the difference between their notes must be larger than the combined fuzziness created by their short durations. If their pitches are too close and their notes too brief, the sounds will blend, making it impossible to tell them apart.

So, to figure out the minimum difference in pitch you need, you assess how long each musician holds their note and calculate their individual uncertainties. Adding these uncertainties tells you the smallest gap between their notes that still makes them clearly recognizable as two distinct sounds."
pag_gpqa_main_2,gpqa_main_2,pag,Chemistry,nan,teacher_gpt4_1_mini,gpt-4.1-mini,"Identify the structure and carbon count of trans-cinnamaldehyde as the starting material. || Understand the reaction of methylmagnesium bromide (a Grignard reagent) with an aldehyde, forming a secondary alcohol and increasing the carbon count by one. || Recognize the oxidation of the secondary alcohol by pyridinium chlorochromate (PCC) to form a ketone without changing the carbon count. || Analyze the reaction of the ketone with (dimethyl(oxo)-l6-sulfaneylidene)methane in DMSO, which typically forms an alkene through a carbon-carbon bond-forming reaction, affecting the total carbon number. || Sum the carbons considering each step’s effect to determine the number of carbon atoms in the final product.","Imagine you start with a familiar bookshelf that has exactly eight books lined up in a row. Each book represents a carbon atom, and you know the starting collection well.

Now, you add a small new book to this shelf—something compact, like a pocket-sized notebook. This addition represents the methyl group attaching to the original bookshelf, increasing your total number of books by one.

Next, instead of adding or removing books, you reorganize the shelves slightly—say, replacing one book's cover with a sturdier, leather-bound edition. This change doesn't alter the number of books; it just changes the nature of one book without affecting the total count.

Afterwards, you decide to reposition the books into pairs, joining two books together so they share a special binding, effectively linking an additional small booklet between two books. This action represents a bond-forming reaction that increases your total number of books again.

Finally, to find out how many books you now have, you count every individual book and added booklet on the shelf, remembering to include the original books plus every addition without losing any from previous steps."
pag_gpqa_main_3,gpqa_main_3,pag,Chemistry,nan,teacher_gpt4_1_mini,gpt-4.1-mini,"Identify if the compound contains any chiral centers or elements of chirality that can lead to optical activity. || Determine the presence or absence of symmetry elements (mirror planes, centers of inversion) that would render the molecule achiral. || Recognize the impact of restricted rotation or atropisomerism, especially in biaryl compounds, as a source of chirality. || Assess if any double bonds or stereogenic axes introduce stereoisomerism without chirality (e.g., E/Z isomers are not optically active). || Conclude optical activity from the overall molecular structure considering all stereochemical features and symmetry elements.","Imagine you’re sorting a collection of uniquely designed keys on a keyring. To find the keys that truly stand out, you first look for keys that have intricate grooves making each one different—these are like the “chiral centers” in molecules, tiny asymmetries that give each key a unique pattern.

Next, you think about whether any pairs of keys are mirror images that could fold onto themselves perfectly, like symmetrical designs on a keychain. Such keys wouldn’t be unique if flipped, just like molecules with symmetrical elements that aren’t optically active because they look the same from both sides.

Now, picture two keys that are linked but can’t twist freely because of their rigid connection—like biaryl compounds where rotation is restricted, creating stable, non-superimposable forms. These special pairs, locked in a twisted shape, add another dimension of uniqueness.

Then consider keys that have simple bends or different color markings but can be flipped or rotated to match others—akin to double bonds causing E/Z stereoisomerism, which changes shape but doesn’t create true handedness or optical activity.

Finally, after examining every detail about the key’s grooves, symmetry, locked twists, and coloring, you decide which keys will make a difference in your lock collection. Similarly, determining optical activity involves weighing all molecular quirks and symmetries to reveal which compounds truly possess unique “handedness.”"
pag_gpqa_main_4,gpqa_main_4,pag,Chemistry,nan,teacher_gpt4_1_mini,gpt-4.1-mini,"Understand that the contact angle on a smooth surface is determined by the surface energies of the solid, liquid, and vapor phases (Young’s equation). || Recognize that roughness changes wettability and that the Cassie-Baxter model describes contact angles on rough surfaces with composite interfaces (solid and air pockets). || Know that the Cassie-Baxter equation relates the apparent contact angle on a rough surface to the intrinsic contact angle on a smooth surface using surface fractions. || Infer that the same roughness and surface fraction parameters apply to both liquids, so the ratio of cosines of contact angles on the rough and smooth surfaces will be consistent. || Use the known contact angles of water on both surfaces and the smooth surface contact angle of octane to estimate the rough surface contact angle of octane via the Cassie-Baxter relation.","Imagine you have a calm, flat pond where you toss two different types of leaves: one broad and waxy, and one thin and dry. Each leaf naturally settles on the water surface in a certain way, depending on its weight and shape—this is like how droplets form a particular angle on a smooth surface, dictated by the natural “preferences” between leaf and water.

Now suppose you add a layer of floating foam patches to the pond, creating a bumpy texture with pockets of air between the water and the leaf. This rough pond surface changes how the leaves rest: they might now sit partly on foam and partly on water, just like how roughness traps air beneath droplets, shifting the contact angle according to the Cassie-Baxter model.

The foam patches cover a consistent fraction of the pond, and no matter which leaf you drop, the interaction with water and foam patches follows the same pattern. The overall “support” felt by the leaf depends on this fraction of foam versus water, linking the new behavior to the original by a mathematical relationship.

If you know how the broad leaf’s resting angle changed from the smooth pond to the foamy one, and you understand the leaf’s natural tendency on a smooth surface, you can predict how the thin leaf will behave on the foam-covered pond. Since the foam fraction is the same, you apply the consistent scaling factor to the thin leaf’s known smooth-water angle to estimate its angle on the rough surface.

This way, by observing one leaf’s behavior shift and knowing the initial conditions for both leaves, you intuitively bridge from simple to complex scenarios and estimate the altered resting positions without measuring anew."
